{"cameraMode":{"drawMode":0,"name":"Shaded","section":"Shading Mode"},"sceneLighting":true,"audioPlay":false,"sceneViewState":{"showFog":false,"showMaterialUpdate":false,"showSkybox":true,"showFlares":false,"showImageEffects":false,"showParticleSystems":false},"in2DMode":false,"pivot":{"x":15.908393859863282,"y":1.3465039730072022,"z":-2.8737220764160158},"rotation":{"x":-0.06806838512420654,"y":-0.2701466381549835,"z":0.01932404562830925,"w":-0.9603280425071716},"size":20.342565536499025,"orthographic":false}